n1,n2,n3,n4,n5,n6
1,2,3,4,5,6
1,2,3,4,5,7
1,2,3,4,5,8
1,2,3,4,5,9
1,2,3,4,5,10
1,2,3,4,5,11
1,2,3,4,5,12
1,2,3,4,5,13
1,2,3,4,5,14
1,2,3,4,5,15
1,2,3,4,5,16
1,2,3,4,5,17
1,2,3,4,5,18
1,2,3,4,5,19
1,2,3,4,5,20
1,2,3,4,5,21
1,2,3,4,5,22
1,2,3,4,5,23
1,2,3,4,5,24
1,2,3,4,5,25
1,2,3,4,5,26
1,2,3,4,5,27
1,2,3,4,5,28
1,2,3,4,5,29
1,2,3,4,5,30
1,2,3,4,5,31
1,2,3,4,5,32
1,2,3,4,5,33
1,2,3,4,5,34
1,2,3,4,5,35
1,2,3,4,5,36
1,2,3,4,5,37
1,2,3,4,5,38
1,2,3,4,5,39
1,2,3,4,5,40
1,2,3,4,5,41
1,2,3,4,5,42
1,2,3,4,5,43
1,2,3,4,5,44
1,2,3,4,5,45
1,2,3,4,6,7
1,2,3,4,6,8
1,2,3,4,6,9
1,2,3,4,6,10
1,2,3,4,6,11
1,2,3,4,6,12
1,2,3,4,6,13
1,2,3,4,6,14
1,2,3,4,6,15
1,2,3,4,6,16
1,2,3,4,6,17
1,2,3,4,6,18
1,2,3,4,6,19
1,2,3,4,6,20
1,2,3,4,6,21
1,2,3,4,6,22
1,2,3,4,6,23
1,2,3,4,6,24
1,2,3,4,6,25
1,2,3,4,6,26
1,2,3,4,6,27
1,2,3,4,6,28
1,2,3,4,6,29
1,2,3,4,6,30
1,2,3,4,6,31
1,2,3,4,6,32
1,2,3,4,6,33
1,2,3,4,6,34
1,2,3,4,6,35
1,2,3,4,6,36
1,2,3,4,6,37
1,2,3,4,6,38
1,2,3,4,6,39
1,2,3,4,6,40
1,2,3,4,6,41
1,2,3,4,6,42
1,2,3,4,6,43
1,2,3,4,6,44
1,2,3,4,6,45
1,2,3,4,7,8
1,2,3,4,7,9
1,2,3,4,7,10
1,2,3,4,7,11
1,2,3,4,7,12
1,2,3,4,7,13
1,2,3,4,7,14
1,2,3,4,7,15
1,2,3,4,7,16
1,2,3,4,7,17
1,2,3,4,7,18
1,2,3,4,7,19
1,2,3,4,7,20
1,2,3,4,7,21
1,2,3,4,7,22
1,2,3,4,7,23
1,2,3,4,7,24
1,2,3,4,7,25
1,2,3,4,7,26
1,2,3,4,7,27
1,2,3,4,7,28
1,2,3,4,7,29
1,2,3,4,7,30
1,2,3,4,7,31
1,2,3,4,7,32
1,2,3,4,7,33
1,2,3,4,7,34
1,2,3,4,7,35
1,2,3,4,7,36
1,2,3,4,7,37
1,2,3,4,7,38
1,2,3,4,7,39
1,2,3,4,7,40
1,2,3,4,7,41
1,2,3,4,7,42
1,2,3,4,7,43
1,2,3,4,7,44
1,2,3,4,7,45
1,2,3,4,8,9
1,2,3,4,8,10
1,2,3,4,8,11
1,2,3,4,8,12
1,2,3,4,8,13
1,2,3,4,8,14
1,2,3,4,8,15
1,2,3,4,8,16
1,2,3,4,8,17
1,2,3,4,8,18
1,2,3,4,8,19
1,2,3,4,8,20
1,2,3,4,8,21
1,2,3,4,8,22
1,2,3,4,8,23
1,2,3,4,8,24
1,2,3,4,8,25
1,2,3,4,8,26
1,2,3,4,8,27
1,2,3,4,8,28
1,2,3,4,8,29
1,2,3,4,8,30
1,2,3,4,8,31
1,2,3,4,8,32
1,2,3,4,8,33
1,2,3,4,8,34
1,2,3,4,8,35
1,2,3,4,8,36
1,2,3,4,8,37
1,2,3,4,8,38
1,2,3,4,8,39
1,2,3,4,8,40
1,2,3,4,8,41
1,2,3,4,8,42
1,2,3,4,8,43
1,2,3,4,8,44
1,2,3,4,8,45
1,2,3,4,9,10
1,2,3,4,9,11
1,2,3,4,9,12
1,2,3,4,9,13
1,2,3,4,9,14
1,2,3,4,9,15
1,2,3,4,9,16
1,2,3,4,9,17
1,2,3,4,9,18
1,2,3,4,9,19
1,2,3,4,9,20
1,2,3,4,9,21
1,2,3,4,9,22
1,2,3,4,9,23
1,2,3,4,9,24
1,2,3,4,9,25
1,2,3,4,9,26
1,2,3,4,9,27
1,2,3,4,9,28
1,2,3,4,9,29
1,2,3,4,9,30
1,2,3,4,9,31
1,2,3,4,9,32
1,2,3,4,9,33
1,2,3,4,9,34
1,2,3,4,9,35
1,2,3,4,9,36
1,2,3,4,9,37
1,2,3,4,9,38
1,2,3,4,9,39
1,2,3,4,9,40
1,2,3,4,9,41
1,2,3,4,9,42
1,2,3,4,9,43
1,2,3,4,9,44
1,2,3,4,9,45
1,2,3,4,10,11
1,2,3,4,10,12
1,2,3,4,10,13
1,2,3,4,10,14
1,2,3,4,10,15
1,2,3,4,10,16
1,2,3,4,10,17
1,2,3,4,10,18
1,2,3,4,10,19
1,2,3,4,10,20
1,2,3,4,10,21
1,2,3,4,10,22
1,2,3,4,10,23
1,2,3,4,10,24
1,2,3,4,10,25
1,2,3,4,10,26
1,2,3,4,10,27
1,2,3,4,10,28
1,2,3,4,10,29
1,2,3,4,10,30
1,2,3,4,10,31
1,2,3,4,10,32
1,2,3,4,10,33
1,2,3,4,10,34
1,2,3,4,10,35
1,2,3,4,10,36
1,2,3,4,10,37
1,2,3,4,10,38
1,2,3,4,10,39
1,2,3,4,10,40
1,2,3,4,10,41
1,2,3,4,10,42
1,2,3,4,10,43
1,2,3,4,10,44
1,2,3,4,10,45
1,2,3,4,11,12
1,2,3,4,11,13
1,2,3,4,11,14
1,2,3,4,11,15
1,2,3,4,11,16
1,2,3,4,11,17
1,2,3,4,11,18
1,2,3,4,11,19
1,2,3,4,11,20
1,2,3,4,11,21
1,2,3,4,11,22
1,2,3,4,11,23
1,2,3,4,11,24
1,2,3,4,11,25
1,2,3,4,11,26
1,2,3,4,11,27
1,2,3,4,11,28
1,2,3,4,11,29
1,2,3,4,11,30
1,2,3,4,11,31
1,2,3,4,11,32
1,2,3,4,11,33
1,2,3,4,11,34
1,2,3,4,11,35
1,2,3,4,11,36
1,2,3,4,11,37
1,2,3,4,11,38
1,2,3,4,11,39
1,2,3,4,11,40
1,2,3,4,11,41
1,2,3,4,11,42
1,2,3,4,11,43
1,2,3,4,11,44
1,2,3,4,11,45
1,2,3,4,12,13
1,2,3,4,12,14
1,2,3,4,12,15
1,2,3,4,12,16
1,2,3,4,12,17
1,2,3,4,12,18
1,2,3,4,12,19
1,2,3,4,12,20
1,2,3,4,12,21
1,2,3,4,12,22
1,2,3,4,12,23
1,2,3,4,12,24
1,2,3,4,12,25
1,2,3,4,12,26
1,2,3,4,12,27
1,2,3,4,12,28
1,2,3,4,12,29
1,2,3,4,12,30
1,2,3,4,12,31
1,2,3,4,12,32
1,2,3,4,12,33
1,2,3,4,12,34
1,2,3,4,12,35
1,2,3,4,12,36
1,2,3,4,12,37
1,2,3,4,12,38
1,2,3,4,12,39
1,2,3,4,12,40
1,2,3,4,12,41
1,2,3,4,12,42
1,2,3,4,12,43
1,2,3,4,12,44
1,2,3,4,12,45
1,2,3,4,13,14
1,2,3,4,13,15
1,2,3,4,13,16
1,2,3,4,13,17
1,2,3,4,13,18
1,2,3,4,13,19
1,2,3,4,13,20
1,2,3,4,13,21
1,2,3,4,13,22
1,2,3,4,13,23
1,2,3,4,13,24
1,2,3,4,13,25
1,2,3,4,13,26
1,2,3,4,13,27
1,2,3,4,13,28
1,2,3,4,13,29
1,2,3,4,13,30
1,2,3,4,13,31
1,2,3,4,13,32
1,2,3,4,13,33
1,2,3,4,13,34
1,2,3,4,13,35
1,2,3,4,13,36
1,2,3,4,13,37
1,2,3,4,13,38
1,2,3,4,13,39
1,2,3,4,13,40
1,2,3,4,13,41
1,2,3,4,13,42
1,2,3,4,13,43
1,2,3,4,13,44
1,2,3,4,13,45
1,2,3,4,14,15
1,2,3,4,14,16
1,2,3,4,14,17
1,2,3,4,14,18
1,2,3,4,14,19
1,2,3,4,14,20
1,2,3,4,14,21
1,2,3,4,14,22
1,2,3,4,14,23
1,2,3,4,14,24
1,2,3,4,14,25
1,2,3,4,14,26
1,2,3,4,14,27
1,2,3,4,14,28
1,2,3,4,14,29
1,2,3,4,14,30
1,2,3,4,14,31
1,2,3,4,14,32
1,2,3,4,14,33
1,2,3,4,14,34
1,2,3,4,14,35
1,2,3,4,14,36
1,2,3,4,14,37
1,2,3,4,14,38
1,2,3,4,14,39
1,2,3,4,14,40
1,2,3,4,14,41
1,2,3,4,14,42
1,2,3,4,14,43
1,2,3,4,14,44
1,2,3,4,14,45
1,2,3,4,15,16
1,2,3,4,15,17
1,2,3,4,15,18
1,2,3,4,15,19
1,2,3,4,15,20
1,2,3,4,15,21
1,2,3,4,15,22
1,2,3,4,15,23
1,2,3,4,15,24
1,2,3,4,15,25
1,2,3,4,15,26
1,2,3,4,15,27
1,2,3,4,15,28
1,2,3,4,15,29
1,2,3,4,15,30
1,2,3,4,15,31
1,2,3,4,15,32
1,2,3,4,15,33
1,2,3,4,15,34
1,2,3,4,15,35
1,2,3,4,15,36
1,2,3,4,15,37
1,2,3,4,15,38
1,2,3,4,15,39
1,2,3,4,15,40
1,2,3,4,15,41
1,2,3,4,15,42
1,2,3,4,15,43
1,2,3,4,15,44
1,2,3,4,15,45
1,2,3,4,16,17
1,2,3,4,16,18
1,2,3,4,16,19
1,2,3,4,16,20
1,2,3,4,16,21
1,2,3,4,16,22
1,2,3,4,16,23
1,2,3,4,16,24
1,2,3,4,16,25
1,2,3,4,16,26
1,2,3,4,16,27
1,2,3,4,16,28
1,2,3,4,16,29
1,2,3,4,16,30
1,2,3,4,16,31
1,2,3,4,16,32
1,2,3,4,16,33
1,2,3,4,16,34
1,2,3,4,16,35
1,2,3,4,16,36
1,2,3,4,16,37
1,2,3,4,16,38
1,2,3,4,16,39
1,2,3,4,16,40
1,2,3,4,16,41
1,2,3,4,16,42
1,2,3,4,16,43
1,2,3,4,16,44
1,2,3,4,16,45
1,2,3,4,17,18
1,2,3,4,17,19
1,2,3,4,17,20
1,2,3,4,17,21
1,2,3,4,17,22
1,2,3,4,17,23
1,2,3,4,17,24
1,2,3,4,17,25
1,2,3,4,17,26
1,2,3,4,17,27
1,2,3,4,17,28
1,2,3,4,17,29
1,2,3,4,17,30
1,2,3,4,17,31
1,2,3,4,17,32
1,2,3,4,17,33
1,2,3,4,17,34
1,2,3,4,17,35
1,2,3,4,17,36
1,2,3,4,17,37
1,2,3,4,17,38
1,2,3,4,17,39
1,2,3,4,17,40
1,2,3,4,17,41
1,2,3,4,17,42
1,2,3,4,17,43
1,2,3,4,17,44
1,2,3,4,17,45
1,2,3,4,18,19
1,2,3,4,18,20
1,2,3,4,18,21
1,2,3,4,18,22
1,2,3,4,18,23
1,2,3,4,18,24
1,2,3,4,18,25
1,2,3,4,18,26
1,2,3,4,18,27
1,2,3,4,18,28
1,2,3,4,18,29
1,2,3,4,18,30
1,2,3,4,18,31
1,2,3,4,18,32
1,2,3,4,18,33
1,2,3,4,18,34
1,2,3,4,18,35
1,2,3,4,18,36
1,2,3,4,18,37
1,2,3,4,18,38
1,2,3,4,18,39
1,2,3,4,18,40
1,2,3,4,18,41
1,2,3,4,18,42
1,2,3,4,18,43
1,2,3,4,18,44
1,2,3,4,18,45
1,2,3,4,19,20
1,2,3,4,19,21
1,2,3,4,19,22
1,2,3,4,19,23
1,2,3,4,19,24
1,2,3,4,19,25
1,2,3,4,19,26
1,2,3,4,19,27
1,2,3,4,19,28
1,2,3,4,19,29
1,2,3,4,19,30
1,2,3,4,19,31
1,2,3,4,19,32
1,2,3,4,19,33
1,2,3,4,19,34
1,2,3,4,19,35
1,2,3,4,19,36
1,2,3,4,19,37
1,2,3,4,19,38
1,2,3,4,19,39
1,2,3,4,19,40
1,2,3,4,19,41
1,2,3,4,19,42
1,2,3,4,19,43
1,2,3,4,19,44
1,2,3,4,19,45
1,2,3,4,20,21
1,2,3,4,20,22
1,2,3,4,20,23
1,2,3,4,20,24
1,2,3,4,20,25
1,2,3,4,20,26
1,2,3,4,20,27
1,2,3,4,20,28
1,2,3,4,20,29
1,2,3,4,20,30
1,2,3,4,20,31
1,2,3,4,20,32
1,2,3,4,20,33
1,2,3,4,20,34
1,2,3,4,20,35
1,2,3,4,20,36
1,2,3,4,20,37
1,2,3,4,20,38
1,2,3,4,20,39
1,2,3,4,20,40
1,2,3,4,20,41
1,2,3,4,20,42
1,2,3,4,20,43
1,2,3,4,20,44
1,2,3,4,20,45
1,2,3,4,21,22
1,2,3,4,21,23
1,2,3,4,21,24
1,2,3,4,21,25
1,2,3,4,21,26
1,2,3,4,21,27
1,2,3,4,21,28
1,2,3,4,21,29
1,2,3,4,21,30
1,2,3,4,21,31
1,2,3,4,21,32
1,2,3,4,21,33
1,2,3,4,21,34
1,2,3,4,21,35
1,2,3,4,21,36
1,2,3,4,21,37
1,2,3,4,21,38
1,2,3,4,21,39
1,2,3,4,21,40
1,2,3,4,21,41
1,2,3,4,21,42
1,2,3,4,21,43
1,2,3,4,21,44
1,2,3,4,21,45
1,2,3,4,22,23
1,2,3,4,22,24
1,2,3,4,22,25
1,2,3,4,22,26
1,2,3,4,22,27
1,2,3,4,22,28
1,2,3,4,22,29
1,2,3,4,22,30
1,2,3,4,22,31
1,2,3,4,22,32
1,2,3,4,22,33
1,2,3,4,22,34
1,2,3,4,22,35
1,2,3,4,22,36
1,2,3,4,22,37
1,2,3,4,22,38
1,2,3,4,22,39
1,2,3,4,22,40
1,2,3,4,22,41
1,2,3,4,22,42
1,2,3,4,22,43
1,2,3,4,22,44
1,2,3,4,22,45
1,2,3,4,23,24
1,2,3,4,23,25
1,2,3,4,23,26
1,2,3,4,23,27
1,2,3,4,23,28
1,2,3,4,23,29
1,2,3,4,23,30
1,2,3,4,23,31
1,2,3,4,23,32
1,2,3,4,23,33
1,2,3,4,23,34
1,2,3,4,23,35
1,2,3,4,23,36
1,2,3,4,23,37
1,2,3,4,23,38
1,2,3,4,23,39
1,2,3,4,23,40
1,2,3,4,23,41
1,2,3,4,23,42
1,2,3,4,23,43
1,2,3,4,23,44
1,2,3,4,23,45
1,2,3,4,24,25
1,2,3,4,24,26
1,2,3,4,24,27
1,2,3,4,24,28
1,2,3,4,24,29
1,2,3,4,24,30
1,2,3,4,24,31
1,2,3,4,24,32
1,2,3,4,24,33
1,2,3,4,24,34
1,2,3,4,24,35
1,2,3,4,24,36
1,2,3,4,24,37
1,2,3,4,24,38
1,2,3,4,24,39
1,2,3,4,24,40
1,2,3,4,24,41
1,2,3,4,24,42
1,2,3,4,24,43
1,2,3,4,24,44
1,2,3,4,24,45
1,2,3,4,25,26
1,2,3,4,25,27
1,2,3,4,25,28
1,2,3,4,25,29
1,2,3,4,25,30
1,2,3,4,25,31
1,2,3,4,25,32
1,2,3,4,25,33
1,2,3,4,25,34
1,2,3,4,25,35
1,2,3,4,25,36
1,2,3,4,25,37
1,2,3,4,25,38
1,2,3,4,25,39
1,2,3,4,25,40
1,2,3,4,25,41
1,2,3,4,25,42
1,2,3,4,25,43
1,2,3,4,25,44
1,2,3,4,25,45
1,2,3,4,26,27
1,2,3,4,26,28
1,2,3,4,26,29
1,2,3,4,26,30
1,2,3,4,26,31
1,2,3,4,26,32
1,2,3,4,26,33
1,2,3,4,26,34
1,2,3,4,26,35
1,2,3,4,26,36
1,2,3,4,26,37
1,2,3,4,26,38
1,2,3,4,26,39
1,2,3,4,26,40
1,2,3,4,26,41
1,2,3,4,26,42
1,2,3,4,26,43
1,2,3,4,26,44
1,2,3,4,26,45
1,2,3,4,27,28
1,2,3,4,27,29
1,2,3,4,27,30
1,2,3,4,27,31
1,2,3,4,27,32
1,2,3,4,27,33
1,2,3,4,27,34
1,2,3,4,27,35
1,2,3,4,27,36
1,2,3,4,27,37
1,2,3,4,27,38
1,2,3,4,27,39
1,2,3,4,27,40
1,2,3,4,27,41
1,2,3,4,27,42
1,2,3,4,27,43
1,2,3,4,27,44
1,2,3,4,27,45
1,2,3,4,28,29
1,2,3,4,28,30
1,2,3,4,28,31
1,2,3,4,28,32
1,2,3,4,28,33
1,2,3,4,28,34
1,2,3,4,28,35
1,2,3,4,28,36
1,2,3,4,28,37
1,2,3,4,28,38
1,2,3,4,28,39
1,2,3,4,28,40
1,2,3,4,28,41
1,2,3,4,28,42
1,2,3,4,28,43
1,2,3,4,28,44
1,2,3,4,28,45
1,2,3,4,29,30
1,2,3,4,29,31
1,2,3,4,29,32
1,2,3,4,29,33
1,2,3,4,29,34
1,2,3,4,29,35
1,2,3,4,29,36
1,2,3,4,29,37
1,2,3,4,29,38
1,2,3,4,29,39
1,2,3,4,29,40
1,2,3,4,29,41
1,2,3,4,29,42
1,2,3,4,29,43
1,2,3,4,29,44
1,2,3,4,29,45
1,2,3,4,30,31
1,2,3,4,30,32
1,2,3,4,30,33
1,2,3,4,30,34
1,2,3,4,30,35
1,2,3,4,30,36
1,2,3,4,30,37
1,2,3,4,30,38
1,2,3,4,30,39
1,2,3,4,30,40
1,2,3,4,30,41
1,2,3,4,30,42
1,2,3,4,30,43
1,2,3,4,30,44
1,2,3,4,30,45
1,2,3,4,31,32
1,2,3,4,31,33
1,2,3,4,31,34
1,2,3,4,31,35
1,2,3,4,31,36
1,2,3,4,31,37
1,2,3,4,31,38
1,2,3,4,31,39
1,2,3,4,31,40
1,2,3,4,31,41
1,2,3,4,31,42
1,2,3,4,31,43
1,2,3,4,31,44
1,2,3,4,31,45
1,2,3,4,32,33
1,2,3,4,32,34
1,2,3,4,32,35
1,2,3,4,32,36
1,2,3,4,32,37
1,2,3,4,32,38
1,2,3,4,32,39
1,2,3,4,32,40
1,2,3,4,32,41
1,2,3,4,32,42
1,2,3,4,32,43
1,2,3,4,32,44
1,2,3,4,32,45
1,2,3,4,33,34
1,2,3,4,33,35
1,2,3,4,33,36
1,2,3,4,33,37
1,2,3,4,33,38
1,2,3,4,33,39
1,2,3,4,33,40
1,2,3,4,33,41
1,2,3,4,33,42
1,2,3,4,33,43
1,2,3,4,33,44
1,2,3,4,33,45
1,2,3,4,34,35
1,2,3,4,34,36
1,2,3,4,34,37
1,2,3,4,34,38
1,2,3,4,34,39
1,2,3,4,34,40
1,2,3,4,34,41
1,2,3,4,34,42
1,2,3,4,34,43
1,2,3,4,34,44
1,2,3,4,34,45
1,2,3,4,35,36
1,2,3,4,35,37
1,2,3,4,35,38
1,2,3,4,35,39
1,2,3,4,35,40
1,2,3,4,35,41
1,2,3,4,35,42
1,2,3,4,35,43
1,2,3,4,35,44
1,2,3,4,35,45
1,2,3,4,36,37
1,2,3,4,36,38
1,2,3,4,36,39
1,2,3,4,36,40
1,2,3,4,36,41
1,2,3,4,36,42
1,2,3,4,36,43
1,2,3,4,36,44
1,2,3,4,36,45
1,2,3,4,37,38
1,2,3,4,37,39
1,2,3,4,37,40
1,2,3,4,37,41
1,2,3,4,37,42
1,2,3,4,37,43
1,2,3,4,37,44
1,2,3,4,37,45
1,2,3,4,38,39
1,2,3,4,38,40
1,2,3,4,38,41
1,2,3,4,38,42
1,2,3,4,38,43
1,2,3,4,38,44
1,2,3,4,38,45
1,2,3,4,39,40
1,2,3,4,39,41
1,2,3,4,39,42
1,2,3,4,39,43
1,2,3,4,39,44
1,2,3,4,39,45
1,2,3,4,40,41
1,2,3,4,40,42
1,2,3,4,40,43
1,2,3,4,40,44
1,2,3,4,40,45
1,2,3,4,41,42
1,2,3,4,41,43
1,2,3,4,41,44
1,2,3,4,41,45
1,2,3,4,42,43
1,2,3,4,42,44
1,2,3,4,42,45
1,2,3,4,43,44
1,2,3,4,43,45
1,2,3,4,44,45
1,2,5,6,7,8
1,2,5,6,9,10
1,2,5,6,11,12
1,2,5,6,13,14
1,2,5,6,15,16
1,2,5,6,17,18
1,2,5,6,19,20
1,2,5,6,21,22
1,2,5,6,23,24
1,2,5,6,25,26
1,2,5,6,27,28
1,2,5,6,29,30
1,2,5,6,31,32
1,2,5,6,33,34
1,2,5,6,35,36
1,2,5,6,37,38
1,2,5,6,39,40
1,2,5,6,41,42
1,2,5,6,43,44
1,2,5,7,9,11
1,2,5,7,10,12
1,2,5,7,13,15
1,2,5,7,14,16
1,2,5,7,17,19
1,2,5,7,18,20
1,2,5,7,21,23
1,2,5,7,22,24
1,2,5,7,25,27
1,2,5,7,26,28
1,2,5,7,29,31
1,2,5,7,30,32
1,2,5,7,33,35
1,2,5,7,34,36
1,2,5,7,37,39
1,2,5,7,38,40
1,2,5,7,41,43
1,2,5,7,42,44
1,2,5,8,9,12
1,2,5,8,10,11
1,2,5,8,13,16
1,2,5,8,14,15
1,2,5,8,17,20
1,2,5,8,18,19
1,2,5,8,21,24
1,2,5,8,22,23
1,2,5,8,25,28
1,2,5,8,26,27
1,2,5,8,29,32
1,2,5,8,30,31
1,2,5,8,33,36
1,2,5,8,34,35
1,2,5,8,37,40
1,2,5,8,38,39
1,2,5,8,41,44
1,2,5,8,42,43
1,2,5,9,13,17
1,2,5,9,14,18
1,2,5,9,15,19
1,2,5,9,16,20
1,2,5,9,21,25
1,2,5,9,22,26
1,2,5,9,23,27
1,2,5,9,24,28
1,2,5,9,29,33
1,2,5,9,30,34
1,2,5,9,31,35
1,2,5,9,32,36
1,2,5,9,37,41
1,2,5,9,38,42
1,2,5,9,39,43
1,2,5,9,40,44
1,2,5,10,13,18
1,2,5,10,14,17
1,2,5,10,15,20
1,2,5,10,16,19
1,2,5,10,21,26
1,2,5,10,22,25
1,2,5,10,23,28
1,2,5,10,24,27
1,2,5,10,29,34
1,2,5,10,30,33
1,2,5,10,31,36
1,2,5,10,32,35
1,2,5,10,37,42
1,2,5,10,38,41
1,2,5,10,39,44
1,2,5,10,40,43
1,2,5,11,13,19
1,2,5,11,14,20
1,2,5,11,15,17
1,2,5,11,16,18
1,2,5,11,21,27
1,2,5,11,22,28
1,2,5,11,23,25
1,2,5,11,24,26
1,2,5,11,29,35
1,2,5,11,30,36
1,2,5,11,31,33
1,2,5,11,32,34
1,2,5,11,37,43
1,2,5,11,38,44
1,2,5,11,39,41
1,2,5,11,40,42
1,2,5,12,13,20
1,2,5,12,14,19
1,2,5,12,15,18
1,2,5,12,16,17
1,2,5,12,21,28
1,2,5,12,22,27
1,2,5,12,23,26
1,2,5,12,24,25
1,2,5,12,29,36
1,2,5,12,30,35
1,2,5,12,31,34
1,2,5,12,32,33
1,2,5,12,37,44
1,2,5,12,38,43
1,2,5,12,39,42
1,2,5,12,40,41
1,2,5,13,21,29
1,2,5,13,22,30
1,2,5,13,23,31
1,2,5,13,24,32
1,2,5,13,25,33
1,2,5,13,26,34
1,2,5,13,27,35
1,2,5,13,28,36
1,2,5,13,37,45
1,2,5,14,21,30
1,2,5,14,22,29
1,2,5,14,23,32
1,2,5,14,24,31
1,2,5,14,25,34
1,2,5,14,26,33
1,2,5,14,27,36
1,2,5,14,28,35
1,2,5,14,38,45
1,2,5,15,21,31
1,2,5,15,22,32
1,2,5,15,23,29
1,2,5,15,24,30
1,2,5,15,25,35
1,2,5,15,26,36
1,2,5,15,27,33
1,2,5,15,28,34
1,2,5,15,39,45
1,2,5,16,21,32
1,2,5,16,22,31
1,2,5,16,23,30
1,2,5,16,24,29
1,2,5,16,25,36
1,2,5,16,26,35
1,2,5,16,27,34
1,2,5,16,28,33
1,2,5,16,40,45
1,2,5,17,21,33
1,2,5,17,22,34
1,2,5,17,23,35
1,2,5,17,24,36
1,2,5,17,25,29
1,2,5,17,26,30
1,2,5,17,27,31
1,2,5,17,28,32
1,2,5,17,41,45
1,2,5,18,21,34
1,2,5,18,22,33
1,2,5,18,23,36
1,2,5,18,24,35
1,2,5,18,25,30
1,2,5,18,26,29
1,2,5,18,27,32
1,2,5,18,28,31
1,2,5,18,42,45
1,2,5,19,21,35
1,2,5,19,22,36
1,2,5,19,23,33
1,2,5,19,24,34
1,2,5,19,25,31
1,2,5,19,26,32
1,2,5,19,27,29
1,2,5,19,28,30
1,2,5,19,43,45
1,2,5,20,21,36
1,2,5,20,22,35
1,2,5,20,23,34
1,2,5,20,24,33
1,2,5,20,25,32
1,2,5,20,26,31
1,2,5,20,27,30
1,2,5,20,28,29
1,2,5,20,44,45
1,2,6,7,9,12
1,2,6,7,10,11
1,2,6,7,13,16
1,2,6,7,14,15
1,2,6,7,17,20
1,2,6,7,18,19
1,2,6,7,21,24
1,2,6,7,22,23
1,2,6,7,25,28
1,2,6,7,26,27
1,2,6,7,29,32
1,2,6,7,30,31
1,2,6,7,33,36
1,2,6,7,34,35
1,2,6,7,37,40
1,2,6,7,38,39
1,2,6,7,41,44
1,2,6,7,42,43
1,2,6,8,9,11
1,2,6,8,10,12
1,2,6,8,13,15
1,2,6,8,14,16
1,2,6,8,17,19
1,2,6,8,18,20
1,2,6,8,21,23
1,2,6,8,22,24
1,2,6,8,25,27
1,2,6,8,26,28
1,2,6,8,29,31
1,2,6,8,30,32
1,2,6,8,33,35
1,2,6,8,34,36
1,2,6,8,37,39
1,2,6,8,38,40
1,2,6,8,41,43
1,2,6,8,42,44
1,2,6,9,13,18
1,2,6,9,14,17
1,2,6,9,15,20
1,2,6,9,16,19
1,2,6,9,21,26
1,2,6,9,22,25
1,2,6,9,23,28
1,2,6,9,24,27
1,2,6,9,29,34
1,2,6,9,30,33
1,2,6,9,31,36
1,2,6,9,32,35
1,2,6,9,37,42
1,2,6,9,38,41
1,2,6,9,39,44
1,2,6,9,40,43
1,2,6,10,13,17
1,2,6,10,14,18
1,2,6,10,15,19
1,2,6,10,16,20
1,2,6,10,21,25
1,2,6,10,22,26
1,2,6,10,23,27
1,2,6,10,24,28
1,2,6,10,29,33
1,2,6,10,30,34
1,2,6,10,31,35
1,2,6,10,32,36
1,2,6,10,37,41
1,2,6,10,38,42
1,2,6,10,39,43
1,2,6,10,40,44
1,2,6,11,13,20
1,2,6,11,14,19
1,2,6,11,15,18
1,2,6,11,16,17
1,2,6,11,21,28
1,2,6,11,22,27
1,2,6,11,23,26
1,2,6,11,24,25
1,2,6,11,29,36
1,2,6,11,30,35
1,2,6,11,31,34
1,2,6,11,32,33
1,2,6,11,37,44
1,2,6,11,38,43
1,2,6,11,39,42
1,2,6,11,40,41
1,2,6,12,13,19
1,2,6,12,14,20
1,2,6,12,15,17
1,2,6,12,16,18
1,2,6,12,21,27
1,2,6,12,22,28
1,2,6,12,23,25
1,2,6,12,24,26
1,2,6,12,29,35
1,2,6,12,30,36
1,2,6,12,31,33
1,2,6,12,32,34
1,2,6,12,37,43
1,2,6,12,38,44
1,2,6,12,39,41
1,2,6,12,40,42
1,2,6,13,21,30
1,2,6,13,22,29
1,2,6,13,23,32
1,2,6,13,24,31
1,2,6,13,25,34
1,2,6,13,26,33
1,2,6,13,27,36
1,2,6,13,28,35
1,2,6,13,38,45
1,2,6,14,21,29
1,2,6,14,22,30
1,2,6,14,23,31
1,2,6,14,24,32
1,2,6,14,25,33
1,2,6,14,26,34
1,2,6,14,27,35
1,2,6,14,28,36
1,2,6,14,37,45
1,2,6,15,21,32
1,2,6,15,22,31
1,2,6,15,23,30
1,2,6,15,24,29
1,2,6,15,25,36
1,2,6,15,26,35
1,2,6,15,27,34
1,2,6,15,28,33
1,2,6,15,40,45
1,2,6,16,21,31
1,2,6,16,22,32
1,2,6,16,23,29
1,2,6,16,24,30
1,2,6,16,25,35
1,2,6,16,26,36
1,2,6,16,27,33
1,2,6,16,28,34
1,2,6,16,39,45
1,2,6,17,21,34
1,2,6,17,22,33
1,2,6,17,23,36
1,2,6,17,24,35
1,2,6,17,25,30
1,2,6,17,26,29
1,2,6,17,27,32
1,2,6,17,28,31
1,2,6,17,42,45
1,2,6,18,21,33
1,2,6,18,22,34
1,2,6,18,23,35
1,2,6,18,24,36
1,2,6,18,25,29
1,2,6,18,26,30
1,2,6,18,27,31
1,2,6,18,28,32
1,2,6,18,41,45
1,2,6,19,21,36
1,2,6,19,22,35
1,2,6,19,23,34
1,2,6,19,24,33
1,2,6,19,25,32
1,2,6,19,26,31
1,2,6,19,27,30
1,2,6,19,28,29
1,2,6,19,44,45
1,2,6,20,21,35
1,2,6,20,22,36
1,2,6,20,23,33
1,2,6,20,24,34
1,2,6,20,25,31
1,2,6,20,26,32
1,2,6,20,27,29
1,2,6,20,28,30
1,2,6,20,43,45
1,2,7,8,9,10
1,2,7,8,11,12
1,2,7,8,13,14
1,2,7,8,15,16
1,2,7,8,17,18
1,2,7,8,19,20
1,2,7,8,21,22
1,2,7,8,23,24
1,2,7,8,25,26
1,2,7,8,27,28
1,2,7,8,29,30
1,2,7,8,31,32
1,2,7,8,33,34
1,2,7,8,35,36
1,2,7,8,37,38
1,2,7,8,39,40
1,2,7,8,41,42
1,2,7,8,43,44
1,2,7,9,13,19
1,2,7,9,14,20
1,2,7,9,15,17
1,2,7,9,16,18
1,2,7,9,21,27
1,2,7,9,22,28
1,2,7,9,23,25
1,2,7,9,24,26
1,2,7,9,29,35
1,2,7,9,30,36
1,2,7,9,31,33
1,2,7,9,32,34
1,2,7,9,37,43
1,2,7,9,38,44
1,2,7,9,39,41
1,2,7,9,40,42
1,2,7,10,13,20
1,2,7,10,14,19
1,2,7,10,15,18
1,2,7,10,16,17
1,2,7,10,21,28
1,2,7,10,22,27
1,2,7,10,23,26
1,2,7,10,24,25
1,2,7,10,29,36
1,2,7,10,30,35
1,2,7,10,31,34
1,2,7,10,32,33
1,2,7,10,37,44
1,2,7,10,38,43
1,2,7,10,39,42
1,2,7,10,40,41
1,2,7,11,13,17
1,2,7,11,14,18
1,2,7,11,15,19
1,2,7,11,16,20
1,2,7,11,21,25
1,2,7,11,22,26
1,2,7,11,23,27
1,2,7,11,24,28
1,2,7,11,29,33
1,2,7,11,30,34
1,2,7,11,31,35
1,2,7,11,32,36
1,2,7,11,37,41
1,2,7,11,38,42
1,2,7,11,39,43
1,2,7,11,40,44
1,2,7,12,13,18
1,2,7,12,14,17
1,2,7,12,15,20
1,2,7,12,16,19
1,2,7,12,21,26
1,2,7,12,22,25
1,2,7,12,23,28
1,2,7,12,24,27
1,2,7,12,29,34
1,2,7,12,30,33
1,2,7,12,31,36
1,2,7,12,32,35
1,2,7,12,37,42
1,2,7,12,38,41
1,2,7,12,39,44
1,2,7,12,40,43
1,2,7,13,21,31
1,2,7,13,22,32
1,2,7,13,23,29
1,2,7,13,24,30
1,2,7,13,25,35
1,2,7,13,26,36
1,2,7,13,27,33
1,2,7,13,28,34
1,2,7,13,39,45
1,2,7,14,21,32
1,2,7,14,22,31
1,2,7,14,23,30
1,2,7,14,24,29
1,2,7,14,25,36
1,2,7,14,26,35
1,2,7,14,27,34
1,2,7,14,28,33
1,2,7,14,40,45
1,2,7,15,21,29
1,2,7,15,22,30
1,2,7,15,23,31
1,2,7,15,24,32
1,2,7,15,25,33
1,2,7,15,26,34
1,2,7,15,27,35
1,2,7,15,28,36
1,2,7,15,37,45
1,2,7,16,21,30
1,2,7,16,22,29
1,2,7,16,23,32
1,2,7,16,24,31
1,2,7,16,25,34
1,2,7,16,26,33
1,2,7,16,27,36
1,2,7,16,28,35
1,2,7,16,38,45
1,2,7,17,21,35
1,2,7,17,22,36
1,2,7,17,23,33
1,2,7,17,24,34
1,2,7,17,25,31
1,2,7,17,26,32
1,2,7,17,27,29
1,2,7,17,28,30
1,2,7,17,43,45
1,2,7,18,21,36
1,2,7,18,22,35
1,2,7,18,23,34
1,2,7,18,24,33
1,2,7,18,25,32
1,2,7,18,26,31
1,2,7,18,27,30
1,2,7,18,28,29
1,2,7,18,44,45
1,2,7,19,21,33
1,2,7,19,22,34
1,2,7,19,23,35
1,2,7,19,24,36
1,2,7,19,25,29
1,2,7,19,26,30
1,2,7,19,27,31
1,2,7,19,28,32
1,2,7,19,41,45
1,2,7,20,21,34
1,2,7,20,22,33
1,2,7,20,23,36
1,2,7,20,24,35
1,2,7,20,25,30
1,2,7,20,26,29
1,2,7,20,27,32
1,2,7,20,28,31
1,2,7,20,42,45
1,2,8,9,13,20
1,2,8,9,14,19
1,2,8,9,15,18
1,2,8,9,16,17
1,2,8,9,21,28
1,2,8,9,22,27
1,2,8,9,23,26
1,2,8,9,24,25
1,2,8,9,29,36
1,2,8,9,30,35
1,2,8,9,31,34
1,2,8,9,32,33
1,2,8,9,37,44
1,2,8,9,38,43
1,2,8,9,39,42
1,2,8,9,40,41
1,2,8,10,13,19
1,2,8,10,14,20
1,2,8,10,15,17
1,2,8,10,16,18
1,2,8,10,21,27
1,2,8,10,22,28
1,2,8,10,23,25
1,2,8,10,24,26
1,2,8,10,29,35
1,2,8,10,30,36
1,2,8,10,31,33
1,2,8,10,32,34
1,2,8,10,37,43
1,2,8,10,38,44
1,2,8,10,39,41
1,2,8,10,40,42
1,2,8,11,13,18
1,2,8,11,14,17
1,2,8,11,15,20
1,2,8,11,16,19
1,2,8,11,21,26
1,2,8,11,22,25
1,2,8,11,23,28
1,2,8,11,24,27
1,2,8,11,29,34
1,2,8,11,30,33
1,2,8,11,31,36
1,2,8,11,32,35
1,2,8,11,37,42
1,2,8,11,38,41
1,2,8,11,39,44
1,2,8,11,40,43
1,2,8,12,13,17
1,2,8,12,14,18
1,2,8,12,15,19
1,2,8,12,16,20
1,2,8,12,21,25
1,2,8,12,22,26
1,2,8,12,23,27
1,2,8,12,24,28
1,2,8,12,29,33
1,2,8,12,30,34
1,2,8,12,31,35
1,2,8,12,32,36
1,2,8,12,37,41
1,2,8,12,38,42
1,2,8,12,39,43
1,2,8,12,40,44
1,2,8,13,21,32
1,2,8,13,22,31
1,2,8,13,23,30
1,2,8,13,24,29
1,2,8,13,25,36
1,2,8,13,26,35
1,2,8,13,27,34
1,2,8,13,28,33
1,2,8,13,40,45
1,2,8,14,21,31
1,2,8,14,22,32
1,2,8,14,23,29
1,2,8,14,24,30
1,2,8,14,25,35
1,2,8,14,26,36
1,2,8,14,27,33
1,2,8,14,28,34
1,2,8,14,39,45
1,2,8,15,21,30
1,2,8,15,22,29
1,2,8,15,23,32
1,2,8,15,24,31
1,2,8,15,25,34
1,2,8,15,26,33
1,2,8,15,27,36
1,2,8,15,28,35
1,2,8,15,38,45
1,2,8,16,21,29
1,2,8,16,22,30
1,2,8,16,23,31
1,2,8,16,24,32
1,2,8,16,25,33
1,2,8,16,26,34
1,2,8,16,27,35
1,2,8,16,28,36
1,2,8,16,37,45
1,2,8,17,21,36
1,2,8,17,22,35
1,2,8,17,23,34
1,2,8,17,24,33
1,2,8,17,25,32
1,2,8,17,26,31
1,2,8,17,27,30
1,2,8,17,28,29
1,2,8,17,44,45
1,2,8,18,21,35
1,2,8,18,22,36
1,2,8,18,23,33
1,2,8,18,24,34
1,2,8,18,25,31
1,2,8,18,26,32
1,2,8,18,27,29
1,2,8,18,28,30
1,2,8,18,43,45
1,2,8,19,21,34
1,2,8,19,22,33
1,2,8,19,23,36
1,2,8,19,24,35
1,2,8,19,25,30
1,2,8,19,26,29
1,2,8,19,27,32
1,2,8,19,28,31
1,2,8,19,42,45
1,2,8,20,21,33
1,2,8,20,22,34
1,2,8,20,23,35
1,2,8,20,24,36
1,2,8,20,25,29
1,2,8,20,26,30
1,2,8,20,27,31
1,2,8,20,28,32
1,2,8,20,41,45
1,2,9,10,11,12
1,2,9,10,13,14
1,2,9,10,15,16
1,2,9,10,17,18
1,2,9,10,19,20
1,2,9,10,21,22
1,2,9,10,23,24
1,2,9,10,25,26
1,2,9,10,27,28
1,2,9,10,29,30
1,2,9,10,31,32
1,2,9,10,33,34
1,2,9,10,35,36
1,2,9,10,37,38
1,2,9,10,39,40
1,2,9,10,41,42
1,2,9,10,43,44
1,2,9,11,13,15
1,2,9,11,14,16
1,2,9,11,17,19
1,2,9,11,18,20
1,2,9,11,21,23
1,2,9,11,22,24
1,2,9,11,25,27
1,2,9,11,26,28
1,2,9,11,29,31
1,2,9,11,30,32
1,2,9,11,33,35
1,2,9,11,34,36
1,2,9,11,37,39
1,2,9,11,38,40
1,2,9,11,41,43
1,2,9,11,42,44
1,2,9,12,13,16
1,2,9,12,14,15
1,2,9,12,17,20
1,2,9,12,18,19
1,2,9,12,21,24
1,2,9,12,22,23
1,2,9,12,25,28
1,2,9,12,26,27
1,2,9,12,29,32
1,2,9,12,30,31
1,2,9,12,33,36
1,2,9,12,34,35
1,2,9,12,37,40
1,2,9,12,38,39
1,2,9,12,41,44
1,2,9,12,42,43
1,2,9,13,21,33
1,2,9,13,22,34
1,2,9,13,23,35
1,2,9,13,24,36
1,2,9,13,25,29
1,2,9,13,26,30
1,2,9,13,27,31
1,2,9,13,28,32
1,2,9,13,41,45
1,2,9,14,21,34
1,2,9,14,22,33
1,2,9,14,23,36
1,2,9,14,24,35
1,2,9,14,25,30
1,2,9,14,26,29
1,2,9,14,27,32
1,2,9,14,28,31
1,2,9,14,42,45
1,2,9,15,21,35
1,2,9,15,22,36
1,2,9,15,23,33
1,2,9,15,24,34
1,2,9,15,25,31
1,2,9,15,26,32
1,2,9,15,27,29
1,2,9,15,28,30
1,2,9,15,43,45
1,2,9,16,21,36
1,2,9,16,22,35
1,2,9,16,23,34
1,2,9,16,24,33
1,2,9,16,25,32
1,2,9,16,26,31
1,2,9,16,27,30
1,2,9,16,28,29
1,2,9,16,44,45
1,2,9,17,21,29
1,2,9,17,22,30
1,2,9,17,23,31
1,2,9,17,24,32
1,2,9,17,25,33
1,2,9,17,26,34
1,2,9,17,27,35
1,2,9,17,28,36
1,2,9,17,37,45
1,2,9,18,21,30
1,2,9,18,22,29
1,2,9,18,23,32
1,2,9,18,24,31
1,2,9,18,25,34
1,2,9,18,26,33
1,2,9,18,27,36
1,2,9,18,28,35
1,2,9,18,38,45
1,2,9,19,21,31
1,2,9,19,22,32
1,2,9,19,23,29
1,2,9,19,24,30
1,2,9,19,25,35
1,2,9,19,26,36
1,2,9,19,27,33
1,2,9,19,28,34
1,2,9,19,39,45
1,2,9,20,21,32
1,2,9,20,22,31
1,2,9,20,23,30
1,2,9,20,24,29
1,2,9,20,25,36
1,2,9,20,26,35
1,2,9,20,27,34
1,2,9,20,28,33
1,2,9,20,40,45
1,2,10,11,13,16
1,2,10,11,14,15
1,2,10,11,17,20
1,2,10,11,18,19
1,2,10,11,21,24
1,2,10,11,22,23
1,2,10,11,25,28
1,2,10,11,26,27
1,2,10,11,29,32
1,2,10,11,30,31
1,2,10,11,33,36
1,2,10,11,34,35
1,2,10,11,37,40
1,2,10,11,38,39
1,2,10,11,41,44
1,2,10,11,42,43
1,2,10,12,13,15
1,2,10,12,14,16
1,2,10,12,17,19
1,2,10,12,18,20
1,2,10,12,21,23
1,2,10,12,22,24
1,2,10,12,25,27
1,2,10,12,26,28
1,2,10,12,29,31
1,2,10,12,30,32
1,2,10,12,33,35
1,2,10,12,34,36
1,2,10,12,37,39
1,2,10,12,38,40
1,2,10,12,41,43
1,2,10,12,42,44
1,2,10,13,21,34
1,2,10,13,22,33
1,2,10,13,23,36
1,2,10,13,24,35
1,2,10,13,25,30
1,2,10,13,26,29
1,2,10,13,27,32
1,2,10,13,28,31
1,2,10,13,42,45
1,2,10,14,21,33
1,2,10,14,22,34
1,2,10,14,23,35
1,2,10,14,24,36
1,2,10,14,25,29
1,2,10,14,26,30
1,2,10,14,27,31
1,2,10,14,28,32
1,2,10,14,41,45
1,2,10,15,21,36
1,2,10,15,22,35
1,2,10,15,23,34
1,2,10,15,24,33
1,2,10,15,25,32
1,2,10,15,26,31
1,2,10,15,27,30
1,2,10,15,28,29
1,2,10,15,44,45
1,2,10,16,21,35
1,2,10,16,22,36
1,2,10,16,23,33
1,2,10,16,24,34
1,2,10,16,25,31
1,2,10,16,26,32
1,2,10,16,27,29
1,2,10,16,28,30
1,2,10,16,43,45
1,2,10,17,21,30
1,2,10,17,22,29
1,2,10,17,23,32
1,2,10,17,24,31
1,2,10,17,25,34
1,2,10,17,26,33
1,2,10,17,27,36
1,2,10,17,28,35
1,2,10,17,38,45
1,2,10,18,21,29
1,2,10,18,22,30
1,2,10,18,23,31
1,2,10,18,24,32
1,2,10,18,25,33
1,2,10,18,26,34
1,2,10,18,27,35
1,2,10,18,28,36
1,2,10,18,37,45
1,2,10,19,21,32
1,2,10,19,22,31
1,2,10,19,23,30
1,2,10,19,24,29
1,2,10,19,25,36
1,2,10,19,26,35
1,2,10,19,27,34
1,2,10,19,28,33
1,2,10,19,40,45
1,2,10,20,21,31
1,2,10,20,22,32
1,2,10,20,23,29
1,2,10,20,24,30
1,2,10,20,25,35
1,2,10,20,26,36
1,2,10,20,27,33
1,2,10,20,28,34
1,2,10,20,39,45
1,2,11,12,13,14
1,2,11,12,15,16
1,2,11,12,17,18
1,2,11,12,19,20
1,2,11,12,21,22
1,2,11,12,23,24
1,2,11,12,25,26
1,2,11,12,27,28
1,2,11,12,29,30
1,2,11,12,31,32
1,2,11,12,33,34
1,2,11,12,35,36
1,2,11,12,37,38
1,2,11,12,39,40
1,2,11,12,41,42
1,2,11,12,43,44
1,2,11,13,21,35
1,2,11,13,22,36
1,2,11,13,23,33
1,2,11,13,24,34
1,2,11,13,25,31
1,2,11,13,26,32
1,2,11,13,27,29
1,2,11,13,28,30
1,2,11,13,43,45
1,2,11,14,21,36
1,2,11,14,22,35
1,2,11,14,23,34
1,2,11,14,24,33
1,2,11,14,25,32
1,2,11,14,26,31
1,2,11,14,27,30
1,2,11,14,28,29
1,2,11,14,44,45
1,2,11,15,21,33
1,2,11,15,22,34
1,2,11,15,23,35
1,2,11,15,24,36
1,2,11,15,25,29
1,2,11,15,26,30
1,2,11,15,27,31
1,2,11,15,28,32
1,2,11,15,41,45
1,2,11,16,21,34
1,2,11,16,22,33
1,2,11,16,23,36
1,2,11,16,24,35
1,2,11,16,25,30
1,2,11,16,26,29
1,2,11,16,27,32
1,2,11,16,28,31
1,2,11,16,42,45
1,2,11,17,21,31
1,2,11,17,22,32
1,2,11,17,23,29
1,2,11,17,24,30
1,2,11,17,25,35
1,2,11,17,26,36
1,2,11,17,27,33
1,2,11,17,28,34
1,2,11,17,39,45
1,2,11,18,21,32
1,2,11,18,22,31
1,2,11,18,23,30
1,2,11,18,24,29
1,2,11,18,25,36
1,2,11,18,26,35
1,2,11,18,27,34
1,2,11,18,28,33
1,2,11,18,40,45
1,2,11,19,21,29
1,2,11,19,22,30
1,2,11,19,23,31
1,2,11,19,24,32
1,2,11,19,25,33
1,2,11,19,26,34
1,2,11,19,27,35
1,2,11,19,28,36
1,2,11,19,37,45
1,2,11,20,21,30
1,2,11,20,22,29
1,2,11,20,23,32
1,2,11,20,24,31
1,2,11,20,25,34
1,2,11,20,26,33
1,2,11,20,27,36
1,2,11,20,28,35
1,2,11,20,38,45
1,2,12,13,21,36
1,2,12,13,22,35
1,2,12,13,23,34
1,2,12,13,24,33
1,2,12,13,25,32
1,2,12,13,26,31
1,2,12,13,27,30
1,2,12,13,28,29
1,2,12,13,44,45
1,2,12,14,21,35
1,2,12,14,22,36
1,2,12,14,23,33
1,2,12,14,24,34
1,2,12,14,25,31
1,2,12,14,26,32
1,2,12,14,27,29
1,2,12,14,28,30
1,2,12,14,43,45
1,2,12,15,21,34
1,2,12,15,22,33
1,2,12,15,23,36
1,2,12,15,24,35
1,2,12,15,25,30
1,2,12,15,26,29
1,2,12,15,27,32
1,2,12,15,28,31
1,2,12,15,42,45
1,2,12,16,21,33
1,2,12,16,22,34
1,2,12,16,23,35
1,2,12,16,24,36
1,2,12,16,25,29
1,2,12,16,26,30
1,2,12,16,27,31
1,2,12,16,28,32
1,2,12,16,41,45
1,2,12,17,21,32
1,2,12,17,22,31
1,2,12,17,23,30
1,2,12,17,24,29
1,2,12,17,25,36
1,2,12,17,26,35
1,2,12,17,27,34
1,2,12,17,28,33
1,2,12,17,40,45
1,2,12,18,21,31
1,2,12,18,22,32
1,2,12,18,23,29
1,2,12,18,24,30
1,2,12,18,25,35
1,2,12,18,26,36
1,2,12,18,27,33
1,2,12,18,28,34
1,2,12,18,39,45
1,2,12,19,21,30
1,2,12,19,22,29
1,2,12,19,23,32
1,2,12,19,24,31
1,2,12,19,25,34
1,2,12,19,26,33
1,2,12,19,27,36
1,2,12,19,28,35
1,2,12,19,38,45
1,2,12,20,21,29
1,2,12,20,22,30
1,2,12,20,23,31
1,2,12,20,24,32
1,2,12,20,25,33
1,2,12,20,26,34
1,2,12,20,27,35
1,2,12,20,28,36
1,2,12,20,37,45
1,2,13,14,15,16
1,2,13,14,17,18
1,2,13,14,19,20
1,2,13,14,21,22
1,2,13,14,23,24
1,2,13,14,25,26
1,2,13,14,27,28
1,2,13,14,29,30
1,2,13,14,31,32
1,2,13,14,33,34
1,2,13,14,35,36
1,2,13,14,37,38
1,2,13,14,39,40
1,2,13,14,41,42
1,2,13,14,43,44
1,2,13,15,17,19
1,2,13,15,18,20
1,2,13,15,21,23
1,2,13,15,22,24
1,2,13,15,25,27
1,2,13,15,26,28
1,2,13,15,29,31
1,2,13,15,30,32
1,2,13,15,33,35
1,2,13,15,34,36
1,2,13,15,37,39
1,2,13,15,38,40
1,2,13,15,41,43
1,2,13,15,42,44
1,2,13,16,17,20
1,2,13,16,18,19
1,2,13,16,21,24
1,2,13,16,22,23
1,2,13,16,25,28
1,2,13,16,26,27
1,2,13,16,29,32
1,2,13,16,30,31
1,2,13,16,33,36
1,2,13,16,34,35
1,2,13,16,37,40
1,2,13,16,38,39
1,2,13,16,41,44
1,2,13,16,42,43
1,2,13,17,21,25
1,2,13,17,22,26
1,2,13,17,23,27
1,2,13,17,24,28
1,2,13,17,29,33
1,2,13,17,30,34
1,2,13,17,31,35
1,2,13,17,32,36
1,2,13,17,37,41
1,2,13,17,38,42
1,2,13,17,39,43
1,2,13,17,40,44
1,2,13,18,21,26
1,2,13,18,22,25
1,2,13,18,23,28
1,2,13,18,24,27
1,2,13,18,29,34
1,2,13,18,30,33
1,2,13,18,31,36
1,2,13,18,32,35
1,2,13,18,37,42
1,2,13,18,38,41
1,2,13,18,39,44
1,2,13,18,40,43
1,2,13,19,21,27
1,2,13,19,22,28
1,2,13,19,23,25
1,2,13,19,24,26
1,2,13,19,29,35
1,2,13,19,30,36
1,2,13,19,31,33
1,2,13,19,32,34
1,2,13,19,37,43
1,2,13,19,38,44
1,2,13,19,39,41
1,2,13,19,40,42
1,2,13,20,21,28
1,2,13,20,22,27
1,2,13,20,23,26
1,2,13,20,24,25
1,2,13,20,29,36
1,2,13,20,30,35
1,2,13,20,31,34
1,2,13,20,32,33
1,2,13,20,37,44
1,2,13,20,38,43
1,2,13,20,39,42
1,2,13,20,40,41
1,2,14,15,17,20
1,2,14,15,18,19
1,2,14,15,21,24
1,2,14,15,22,23
1,2,14,15,25,28
1,2,14,15,26,27
1,2,14,15,29,32
1,2,14,15,30,31
1,2,14,15,33,36
1,2,14,15,34,35
1,2,14,15,37,40
1,2,14,15,38,39
1,2,14,15,41,44
1,2,14,15,42,43
1,2,14,16,17,19
1,2,14,16,18,20
1,2,14,16,21,23
1,2,14,16,22,24
1,2,14,16,25,27
1,2,14,16,26,28
1,2,14,16,29,31
1,2,14,16,30,32
1,2,14,16,33,35
1,2,14,16,34,36
1,2,14,16,37,39
1,2,14,16,38,40
1,2,14,16,41,43
1,2,14,16,42,44
1,2,14,17,21,26
1,2,14,17,22,25
1,2,14,17,23,28
1,2,14,17,24,27
1,2,14,17,29,34
1,2,14,17,30,33
1,2,14,17,31,36
1,2,14,17,32,35
1,2,14,17,37,42
1,2,14,17,38,41
1,2,14,17,39,44
1,2,14,17,40,43
1,2,14,18,21,25
1,2,14,18,22,26
1,2,14,18,23,27
1,2,14,18,24,28
1,2,14,18,29,33
1,2,14,18,30,34
1,2,14,18,31,35
1,2,14,18,32,36
1,2,14,18,37,41
1,2,14,18,38,42
1,2,14,18,39,43
1,2,14,18,40,44
1,2,14,19,21,28
1,2,14,19,22,27
1,2,14,19,23,26
1,2,14,19,24,25
1,2,14,19,29,36
1,2,14,19,30,35
1,2,14,19,31,34
1,2,14,19,32,33
1,2,14,19,37,44
1,2,14,19,38,43
1,2,14,19,39,42
1,2,14,19,40,41
1,2,14,20,21,27
1,2,14,20,22,28
1,2,14,20,23,25
1,2,14,20,24,26
1,2,14,20,29,35
1,2,14,20,30,36
1,2,14,20,31,33
1,2,14,20,32,34
1,2,14,20,37,43
1,2,14,20,38,44
1,2,14,20,39,41
1,2,14,20,40,42
1,2,15,16,17,18
1,2,15,16,19,20
1,2,15,16,21,22
1,2,15,16,23,24
1,2,15,16,25,26
1,2,15,16,27,28
1,2,15,16,29,30
1,2,15,16,31,32
1,2,15,16,33,34
1,2,15,16,35,36
1,2,15,16,37,38
1,2,15,16,39,40
1,2,15,16,41,42
1,2,15,16,43,44
1,2,15,17,21,27
1,2,15,17,22,28
1,2,15,17,23,25
1,2,15,17,24,26
1,2,15,17,29,35
1,2,15,17,30,36
1,2,15,17,31,33
1,2,15,17,32,34
1,2,15,17,37,43
1,2,15,17,38,44
1,2,15,17,39,41
1,2,15,17,40,42
1,2,15,18,21,28
1,2,15,18,22,27
1,2,15,18,23,26
1,2,15,18,24,25
1,2,15,18,29,36
1,2,15,18,30,35
1,2,15,18,31,34
1,2,15,18,32,33
1,2,15,18,37,44
1,2,15,18,38,43
1,2,15,18,39,42
1,2,15,18,40,41
1,2,15,19,21,25
1,2,15,19,22,26
1,2,15,19,23,27
1,2,15,19,24,28
1,2,15,19,29,33
1,2,15,19,30,34
1,2,15,19,31,35
1,2,15,19,32,36
1,2,15,19,37,41
1,2,15,19,38,42
1,2,15,19,39,43
1,2,15,19,40,44
1,2,15,20,21,26
1,2,15,20,22,25
1,2,15,20,23,28
1,2,15,20,24,27
1,2,15,20,29,34
1,2,15,20,30,33
1,2,15,20,31,36
1,2,15,20,32,35
1,2,15,20,37,42
1,2,15,20,38,41
1,2,15,20,39,44
1,2,15,20,40,43
1,2,16,17,21,28
1,2,16,17,22,27
1,2,16,17,23,26
1,2,16,17,24,25
1,2,16,17,29,36
1,2,16,17,30,35
1,2,16,17,31,34
1,2,16,17,32,33
1,2,16,17,37,44
1,2,16,17,38,43
1,2,16,17,39,42
1,2,16,17,40,41
1,2,16,18,21,27
1,2,16,18,22,28
1,2,16,18,23,25
1,2,16,18,24,26
1,2,16,18,29,35
1,2,16,18,30,36
1,2,16,18,31,33
1,2,16,18,32,34
1,2,16,18,37,43
1,2,16,18,38,44
1,2,16,18,39,41
1,2,16,18,40,42
1,2,16,19,21,26
1,2,16,19,22,25
1,2,16,19,23,28
1,2,16,19,24,27
1,2,16,19,29,34
1,2,16,19,30,33
1,2,16,19,31,36
1,2,16,19,32,35
1,2,16,19,37,42
1,2,16,19,38,41
1,2,16,19,39,44
1,2,16,19,40,43
1,2,16,20,21,25
1,2,16,20,22,26
1,2,16,20,23,27
1,2,16,20,24,28
1,2,16,20,29,33
1,2,16,20,30,34
1,2,16,20,31,35
1,2,16,20,32,36
1,2,16,20,37,41
1,2,16,20,38,42
1,2,16,20,39,43
1,2,16,20,40,44
1,2,17,18,19,20
1,2,17,18,21,22
1,2,17,18,23,24
1,2,17,18,25,26
1,2,17,18,27,28
1,2,17,18,29,30
1,2,17,18,31,32
1,2,17,18,33,34
1,2,17,18,35,36
1,2,17,18,37,38
1,2,17,18,39,40
1,2,17,18,41,42
1,2,17,18,43,44
1,2,17,19,21,23
1,2,17,19,22,24
1,2,17,19,25,27
1,2,17,19,26,28
1,2,17,19,29,31
1,2,17,19,30,32
1,2,17,19,33,35
1,2,17,19,34,36
1,2,17,19,37,39
1,2,17,19,38,40
1,2,17,19,41,43
1,2,17,19,42,44
1,2,17,20,21,24
1,2,17,20,22,23
1,2,17,20,25,28
1,2,17,20,26,27
1,2,17,20,29,32
1,2,17,20,30,31
1,2,17,20,33,36
1,2,17,20,34,35
1,2,17,20,37,40
1,2,17,20,38,39
1,2,17,20,41,44
1,2,17,20,42,43
1,2,18,19,21,24
1,2,18,19,22,23
1,2,18,19,25,28
1,2,18,19,26,27
1,2,18,19,29,32
1,2,18,19,30,31
1,2,18,19,33,36
1,2,18,19,34,35
1,2,18,19,37,40
1,2,18,19,38,39
1,2,18,19,41,44
1,2,18,19,42,43
1,2,18,20,21,23
1,2,18,20,22,24
1,2,18,20,25,27
1,2,18,20,26,28
1,2,18,20,29,31
1,2,18,20,30,32
1,2,18,20,33,35
1,2,18,20,34,36
1,2,18,20,37,39
1,2,18,20,38,40
1,2,18,20,41,43
1,2,18,20,42,44
1,2,19,20,21,22
1,2,19,20,23,24
1,2,19,20,25,26
1,2,19,20,27,28
1,2,19,20,29,30
1,2,19,20,31,32
1,2,19,20,33,34
1,2,19,20,35,36
1,2,19,20,37,38
1,2,19,20,39,40
1,2,19,20,41,42
1,2,19,20,43,44
1,2,21,22,23,24
1,2,21,22,25,26
1,2,21,22,27,28
1,2,21,22,29,30
1,2,21,22,31,32
1,2,21,22,33,34
1,2,21,22,35,36
1,2,21,22,37,38
1,2,21,22,39,40
1,2,21,22,41,42
1,2,21,22,43,44
1,2,21,23,25,27
1,2,21,23,26,28
1,2,21,23,29,31
1,2,21,23,30,32
1,2,21,23,33,35
1,2,21,23,34,36
1,2,21,23,37,39
1,2,21,23,38,40
1,2,21,23,41,43
1,2,21,23,42,44
1,2,21,24,25,28
1,2,21,24,26,27
1,2,21,24,29,32
1,2,21,24,30,31
1,2,21,24,33,36
1,2,21,24,34,35
1,2,21,24,37,40
1,2,21,24,38,39
1,2,21,24,41,44
1,2,21,24,42,43
1,2,21,25,29,33
1,2,21,25,30,34
1,2,21,25,31,35
1,2,21,25,32,36
1,2,21,25,37,41
1,2,21,25,38,42
1,2,21,25,39,43
1,2,21,25,40,44
1,2,21,26,29,34
1,2,21,26,30,33
1,2,21,26,31,36
1,2,21,26,32,35
1,2,21,26,37,42
1,2,21,26,38,41
1,2,21,26,39,44
1,2,21,26,40,43
1,2,21,27,29,35
1,2,21,27,30,36
1,2,21,27,31,33
1,2,21,27,32,34
1,2,21,27,37,43
1,2,21,27,38,44
1,2,21,27,39,41
1,2,21,27,40,42
1,2,21,28,29,36
1,2,21,28,30,35
1,2,21,28,31,34
1,2,21,28,32,33
1,2,21,28,37,44
1,2,21,28,38,43
1,2,21,28,39,42
1,2,21,28,40,41
1,2,21,29,37,45
1,2,21,30,38,45
1,2,21,31,39,45
1,2,21,32,40,45
1,2,21,33,41,45
1,2,21,34,42,45
1,2,21,35,43,45
1,2,21,36,44,45
1,2,22,23,25,28
1,2,22,23,26,27
1,2,22,23,29,32
1,2,22,23,30,31
1,2,22,23,33,36
1,2,22,23,34,35
1,2,22,23,37,40
1,2,22,23,38,39
1,2,22,23,41,44
1,2,22,23,42,43
1,2,22,24,25,27
1,2,22,24,26,28
1,2,22,24,29,31
1,2,22,24,30,32
1,2,22,24,33,35
1,2,22,24,34,36
1,2,22,24,37,39
1,2,22,24,38,40
1,2,22,24,41,43
1,2,22,24,42,44
1,2,22,25,29,34
1,2,22,25,30,33
1,2,22,25,31,36
1,2,22,25,32,35
1,2,22,25,37,42
1,2,22,25,38,41
1,2,22,25,39,44
1,2,22,25,40,43
1,2,22,26,29,33
1,2,22,26,30,34
1,2,22,26,31,35
1,2,22,26,32,36
1,2,22,26,37,41
1,2,22,26,38,42
1,2,22,26,39,43
1,2,22,26,40,44
1,2,22,27,29,36
1,2,22,27,30,35
1,2,22,27,31,34
1,2,22,27,32,33
1,2,22,27,37,44
1,2,22,27,38,43
1,2,22,27,39,42
1,2,22,27,40,41
1,2,22,28,29,35
1,2,22,28,30,36
1,2,22,28,31,33
1,2,22,28,32,34
1,2,22,28,37,43
1,2,22,28,38,44
1,2,22,28,39,41
1,2,22,28,40,42
1,2,22,29,38,45
1,2,22,30,37,45
1,2,22,31,40,45
1,2,22,32,39,45
1,2,22,33,42,45
1,2,22,34,41,45
1,2,22,35,44,45
1,2,22,36,43,45
1,2,23,24,25,26
1,2,23,24,27,28
1,2,23,24,29,30
1,2,23,24,31,32
1,2,23,24,33,34
1,2,23,24,35,36
1,2,23,24,37,38
1,2,23,24,39,40
1,2,23,24,41,42
1,2,23,24,43,44
1,2,23,25,29,35
1,2,23,25,30,36
1,2,23,25,31,33
1,2,23,25,32,34
1,2,23,25,37,43
1,2,23,25,38,44
1,2,23,25,39,41
1,2,23,25,40,42
1,2,23,26,29,36
1,2,23,26,30,35
1,2,23,26,31,34
1,2,23,26,32,33
1,2,23,26,37,44
1,2,23,26,38,43
1,2,23,26,39,42
1,2,23,26,40,41
1,2,23,27,29,33
1,2,23,27,30,34
1,2,23,27,31,35
1,2,23,27,32,36
1,2,23,27,37,41
1,2,23,27,38,42
1,2,23,27,39,43
1,2,23,27,40,44
1,2,23,28,29,34
1,2,23,28,30,33
1,2,23,28,31,36
1,2,23,28,32,35
1,2,23,28,37,42
1,2,23,28,38,41
1,2,23,28,39,44
1,2,23,28,40,43
1,2,23,29,39,45
1,2,23,30,40,45
1,2,23,31,37,45
1,2,23,32,38,45
1,2,23,33,43,45
1,2,23,34,44,45
1,2,23,35,41,45
1,2,23,36,42,45
1,2,24,25,29,36
1,2,24,25,30,35
1,2,24,25,31,34
1,2,24,25,32,33
1,2,24,25,37,44
1,2,24,25,38,43
1,2,24,25,39,42
1,2,24,25,40,41
1,2,24,26,29,35
1,2,24,26,30,36
1,2,24,26,31,33
1,2,24,26,32,34
1,2,24,26,37,43
1,2,24,26,38,44
1,2,24,26,39,41
1,2,24,26,40,42
1,2,24,27,29,34
1,2,24,27,30,33
1,2,24,27,31,36
1,2,24,27,32,35
1,2,24,27,37,42
1,2,24,27,38,41
1,2,24,27,39,44
1,2,24,27,40,43
1,2,24,28,29,33
1,2,24,28,30,34
1,2,24,28,31,35
1,2,24,28,32,36
1,2,24,28,37,41
1,2,24,28,38,42
1,2,24,28,39,43
1,2,24,28,40,44
1,2,24,29,40,45
1,2,24,30,39,45
1,2,24,31,38,45
1,2,24,32,37,45
1,2,24,33,44,45
1,2,24,34,43,45
1,2,24,35,42,45
1,2,24,36,41,45
1,2,25,26,27,28
1,2,25,26,29,30
1,2,25,26,31,32
1,2,25,26,33,34
1,2,25,26,35,36
1,2,25,26,37,38
1,2,25,26,39,40
1,2,25,26,41,42
1,2,25,26,43,44
1,2,25,27,29,31
1,2,25,27,30,32
1,2,25,27,33,35
1,2,25,27,34,36
1,2,25,27,37,39
1,2,25,27,38,40
1,2,25,27,41,43
1,2,25,27,42,44
1,2,25,28,29,32
1,2,25,28,30,31
1,2,25,28,33,36
1,2,25,28,34,35
1,2,25,28,37,40
1,2,25,28,38,39
1,2,25,28,41,44
1,2,25,28,42,43
1,2,25,29,41,45
1,2,25,30,42,45
1,2,25,31,43,45
1,2,25,32,44,45
1,2,25,33,37,45
1,2,25,34,38,45
1,2,25,35,39,45
1,2,25,36,40,45
1,2,26,27,29,32
1,2,26,27,30,31
1,2,26,27,33,36
1,2,26,27,34,35
1,2,26,27,37,40
1,2,26,27,38,39
1,2,26,27,41,44
1,2,26,27,42,43
1,2,26,28,29,31
1,2,26,28,30,32
1,2,26,28,33,35
1,2,26,28,34,36
1,2,26,28,37,39
1,2,26,28,38,40
1,2,26,28,41,43
1,2,26,28,42,44
1,2,26,29,42,45
1,2,26,30,41,45
1,2,26,31,44,45
1,2,26,32,43,45
1,2,26,33,38,45
1,2,26,34,37,45
1,2,26,35,40,45
1,2,26,36,39,45
1,2,27,28,29,30
1,2,27,28,31,32
1,2,27,28,33,34
1,2,27,28,35,36
1,2,27,28,37,38
1,2,27,28,39,40
1,2,27,28,41,42
1,2,27,28,43,44
1,2,27,29,43,45
1,2,27,30,44,45
1,2,27,31,41,45
1,2,27,32,42,45
1,2,27,33,39,45
1,2,27,34,40,45
1,2,27,35,37,45
1,2,27,36,38,45
1,2,28,29,44,45
1,2,28,30,43,45
1,2,28,31,42,45
1,2,28,32,41,45
1,2,28,33,40,45
1,2,28,34,39,45
1,2,28,35,38,45
1,2,28,36,37,45
1,2,29,30,31,32
1,2,29,30,33,34
1,2,29,30,35,36
1,2,29,30,37,38
1,2,29,30,39,40
1,2,29,30,41,42
1,2,29,30,43,44
1,2,29,31,33,35
1,2,29,31,34,36
1,2,29,31,37,39
1,2,29,31,38,40
1,2,29,31,41,43
1,2,29,31,42,44
1,2,29,32,33,36
1,2,29,32,34,35
1,2,29,32,37,40
1,2,29,32,38,39
1,2,29,32,41,44
1,2,29,32,42,43
1,2,29,33,37,41
1,2,29,33,38,42
1,2,29,33,39,43
1,2,29,33,40,44
1,2,29,34,37,42
1,2,29,34,38,41
1,2,29,34,39,44
1,2,29,34,40,43
1,2,29,35,37,43
1,2,29,35,38,44
1,2,29,35,39,41
1,2,29,35,40,42
1,2,29,36,37,44
1,2,29,36,38,43
1,2,29,36,39,42
1,2,29,36,40,41
1,2,30,31,33,36
1,2,30,31,34,35
1,2,30,31,37,40
1,2,30,31,38,39
1,2,30,31,41,44
1,2,30,31,42,43
1,2,30,32,33,35
1,2,30,32,34,36
1,2,30,32,37,39
1,2,30,32,38,40
1,2,30,32,41,43
1,2,30,32,42,44
1,2,30,33,37,42
1,2,30,33,38,41
1,2,30,33,39,44
1,2,30,33,40,43
1,2,30,34,37,41
1,2,30,34,38,42
1,2,30,34,39,43
1,2,30,34,40,44
1,2,30,35,37,44
1,2,30,35,38,43
1,2,30,35,39,42
1,2,30,35,40,41
1,2,30,36,37,43
1,2,30,36,38,44
1,2,30,36,39,41
1,2,30,36,40,42
1,2,31,32,33,34
1,2,31,32,35,36
1,2,31,32,37,38
1,2,31,32,39,40
1,2,31,32,41,42
1,2,31,32,43,44
1,2,31,33,37,43
1,2,31,33,38,44
1,2,31,33,39,41
1,2,31,33,40,42
1,2,31,34,37,44
1,2,31,34,38,43
1,2,31,34,39,42
1,2,31,34,40,41
1,2,31,35,37,41
1,2,31,35,38,42
1,2,31,35,39,43
1,2,31,35,40,44
1,2,31,36,37,42
1,2,31,36,38,41
1,2,31,36,39,44
1,2,31,36,40,43
1,2,32,33,37,44
1,2,32,33,38,43
1,2,32,33,39,42
1,2,32,33,40,41
1,2,32,34,37,43
1,2,32,34,38,44
1,2,32,34,39,41
1,2,32,34,40,42
1,2,32,35,37,42
1,2,32,35,38,41
1,2,32,35,39,44
1,2,32,35,40,43
1,2,32,36,37,41
1,2,32,36,38,42
1,2,32,36,39,43
1,2,32,36,40,44
1,2,33,34,35,36
1,2,33,34,37,38
1,2,33,34,39,40
1,2,33,34,41,42
1,2,33,34,43,44
1,2,33,35,37,39
1,2,33,35,38,40
1,2,33,35,41,43
1,2,33,35,42,44
1,2,33,36,37,40
1,2,33,36,38,39
1,2,33,36,41,44
1,2,33,36,42,43
1,2,34,35,37,40
1,2,34,35,38,39
1,2,34,35,41,44
1,2,34,35,42,43
1,2,34,36,37,39
1,2,34,36,38,40
1,2,34,36,41,43
1,2,34,36,42,44
1,2,35,36,37,38
1,2,35,36,39,40
1,2,35,36,41,42
1,2,35,36,43,44
1,2,37,38,39,40
1,2,37,38,41,42
1,2,37,38,43,44
1,2,37,39,41,43
1,2,37,39,42,44
1,2,37,40,41,44
1,2,37,40,42,43
1,2,38,39,41,44
1,2,38,39,42,43
1,2,38,40,41,43
1,2,38,40,42,44
1,2,39,40,41,42
1,2,39,40,43,44
1,2,41,42,43,44
1,5,6,7,8,45
1,5,6,9,10,45
1,5,6,11,12,45
1,5,6,13,14,39
1,5,6,13,14,40
1,5,6,13,14,41
1,5,6,13,14,42
1,5,6,13,14,43
1,5,6,13,14,44
1,5,6,13,21,37
1,5,6,13,21,38
1,5,6,14,22,37
1,5,6,14,22,38
1,5,6,15,16,37
1,5,6,15,16,38
1,5,6,15,16,41
1,5,6,15,16,42
1,5,6,15,16,43
1,5,6,15,16,44
1,5,6,15,21,39
1,5,6,15,21,40
1,5,6,16,22,39
1,5,6,16,22,40
1,5,6,17,18,37
1,5,6,17,18,38
1,5,6,17,18,39
1,5,6,17,18,40
1,5,6,17,18,43
1,5,6,17,18,44
1,5,6,17,21,41
1,5,6,17,21,42
1,5,6,18,22,41
1,5,6,18,22,42
1,5,6,19,20,37
1,5,6,19,20,38
1,5,6,19,20,39
1,5,6,19,20,40
1,5,6,19,20,41
1,5,6,19,20,42
1,5,6,19,21,43
1,5,6,19,21,44
1,5,6,20,22,43
1,5,6,20,22,44
1,5,6,21,22,45
1,5,6,23,24,37
1,5,6,23,24,38
1,5,6,23,24,39
1,5,6,23,24,40
1,5,6,23,24,41
1,5,6,23,24,42
1,5,6,23,24,43
1,5,6,23,24,44
1,5,6,23,24,45
1,5,6,25,26,37
1,5,6,25,26,38
1,5,6,25,26,39
1,5,6,25,26,40
1,5,6,25,26,41
1,5,6,25,26,42
1,5,6,25,26,43
1,5,6,25,26,44
1,5,6,25,26,45
1,5,6,27,28,37
1,5,6,27,28,38
1,5,6,27,28,39
1,5,6,27,28,40
1,5,6,27,28,41
1,5,6,27,28,42
1,5,6,27,28,43
1,5,6,27,28,44
1,5,6,27,28,45
1,5,6,29,30,37
1,5,6,29,30,38
1,5,6,29,30,39
1,5,6,29,30,40
1,5,6,29,30,41
1,5,6,29,30,42
1,5,6,29,30,43
1,5,6,29,30,44
1,5,6,29,30,45
1,5,6,31,32,37
1,5,6,31,32,38
1,5,6,31,32,39
1,5,6,31,32,40
1,5,6,31,32,41
1,5,6,31,32,42
1,5,6,31,32,43
1,5,6,31,32,44
1,5,6,31,32,45
1,5,6,33,34,37
1,5,6,33,34,38
1,5,6,33,34,39
1,5,6,33,34,40
1,5,6,33,34,41
1,5,6,33,34,42
1,5,6,33,34,43
1,5,6,33,34,44
1,5,6,33,34,45
1,5,6,35,36,37
1,5,6,35,36,38
1,5,6,35,36,39
1,5,6,35,36,40
1,5,6,35,36,41
1,5,6,35,36,42
1,5,6,35,36,43
1,5,6,35,36,44
1,5,6,35,36,45
1,7,8,9,10,45
1,7,8,11,12,45
1,7,8,13,14,37
1,7,8,13,14,38
1,7,8,13,14,41
1,7,8,13,14,42
1,7,8,13,14,43
1,7,8,13,14,44
1,7,8,13,21,39
1,7,8,13,21,40
1,7,8,14,22,39
1,7,8,14,22,40
1,7,8,15,16,39
1,7,8,15,16,40
1,7,8,15,16,41
1,7,8,15,16,42
1,7,8,15,16,43
1,7,8,15,16,44
1,7,8,15,21,37
1,7,8,15,21,38
1,7,8,16,22,37
1,7,8,16,22,38
1,7,8,17,18,37
1,7,8,17,18,38
1,7,8,17,18,39
1,7,8,17,18,40
1,7,8,17,18,41
1,7,8,17,18,42
1,7,8,17,21,43
1,7,8,17,21,44
1,7,8,18,22,43
1,7,8,18,22,44
1,7,8,19,20,37
1,7,8,19,20,38
1,7,8,19,20,39
1,7,8,19,20,40
1,7,8,19,20,43
1,7,8,19,20,44
1,7,8,19,21,41
1,7,8,19,21,42
1,7,8,20,22,41
1,7,8,20,22,42
1,7,8,21,22,45
1,7,8,23,24,37
1,7,8,23,24,38
1,7,8,23,24,39
1,7,8,23,24,40
1,7,8,23,24,41
1,7,8,23,24,42
1,7,8,23,24,43
1,7,8,23,24,44
1,7,8,23,24,45
1,7,8,25,26,37
1,7,8,25,26,38
1,7,8,25,26,39
1,7,8,25,26,40
1,7,8,25,26,41
1,7,8,25,26,42
1,7,8,25,26,43
1,7,8,25,26,44
1,7,8,25,26,45
1,7,8,27,28,37
1,7,8,27,28,38
1,7,8,27,28,39
1,7,8,27,28,40
1,7,8,27,28,41
1,7,8,27,28,42
1,7,8,27,28,43
1,7,8,27,28,44
1,7,8,27,28,45
1,7,8,29,30,37
1,7,8,29,30,38
1,7,8,29,30,39
1,7,8,29,30,40
1,7,8,29,30,41
1,7,8,29,30,42
1,7,8,29,30,43
1,7,8,29,30,44
1,7,8,29,30,45
1,7,8,31,32,37
1,7,8,31,32,38
1,7,8,31,32,39
1,7,8,31,32,40
1,7,8,31,32,41
1,7,8,31,32,42
1,7,8,31,32,43
1,7,8,31,32,44
1,7,8,31,32,45
1,7,8,33,34,37
1,7,8,33,34,38
1,7,8,33,34,39
1,7,8,33,34,40
1,7,8,33,34,41
1,7,8,33,34,42
1,7,8,33,34,43
1,7,8,33,34,44
1,7,8,33,34,45
1,7,8,35,36,37
1,7,8,35,36,38
1,7,8,35,36,39
1,7,8,35,36,40
1,7,8,35,36,41
1,7,8,35,36,42
1,7,8,35,36,43
1,7,8,35,36,44
1,7,8,35,36,45
1,9,10,11,12,45
1,9,10,13,14,37
1,9,10,13,14,38
1,9,10,13,14,39
1,9,10,13,14,40
1,9,10,13,14,43
1,9,10,13,14,44
1,9,10,13,21,41
1,9,10,13,21,42
1,9,10,14,22,41
1,9,10,14,22,42
1,9,10,15,16,37
1,9,10,15,16,38
1,9,10,15,16,39
1,9,10,15,16,40
1,9,10,15,16,41
1,9,10,15,16,42
1,9,10,15,21,43
1,9,10,15,21,44
1,9,10,16,22,43
1,9,10,16,22,44
1,9,10,17,18,39
1,9,10,17,18,40
1,9,10,17,18,41
1,9,10,17,18,42
1,9,10,17,18,43
1,9,10,17,18,44
1,9,10,17,21,37
1,9,10,17,21,38
1,9,10,18,22,37
1,9,10,18,22,38
1,9,10,19,20,37
1,9,10,19,20,38
1,9,10,19,20,41
1,9,10,19,20,42
1,9,10,19,20,43
1,9,10,19,20,44
1,9,10,19,21,39
1,9,10,19,21,40
1,9,10,20,22,39
1,9,10,20,22,40
1,9,10,21,22,45
1,9,10,23,24,37
1,9,10,23,24,38
1,9,10,23,24,39
1,9,10,23,24,40
1,9,10,23,24,41
1,9,10,23,24,42
1,9,10,23,24,43
1,9,10,23,24,44
1,9,10,23,24,45
1,9,10,25,26,37
1,9,10,25,26,38
1,9,10,25,26,39
1,9,10,25,26,40
1,9,10,25,26,41
1,9,10,25,26,42
1,9,10,25,26,43
1,9,10,25,26,44
1,9,10,25,26,45
1,9,10,27,28,37
1,9,10,27,28,38
1,9,10,27,28,39
1,9,10,27,28,40
1,9,10,27,28,41
1,9,10,27,28,42
1,9,10,27,28,43
1,9,10,27,28,44
1,9,10,27,28,45
1,9,10,29,30,37
1,9,10,29,30,38
1,9,10,29,30,39
1,9,10,29,30,40
1,9,10,29,30,41
1,9,10,29,30,42
1,9,10,29,30,43
1,9,10,29,30,44
1,9,10,29,30,45
1,9,10,31,32,37
1,9,10,31,32,38
1,9,10,31,32,39
1,9,10,31,32,40
1,9,10,31,32,41
1,9,10,31,32,42
1,9,10,31,32,43
1,9,10,31,32,44
1,9,10,31,32,45
1,9,10,33,34,37
1,9,10,33,34,38
1,9,10,33,34,39
1,9,10,33,34,40
1,9,10,33,34,41
1,9,10,33,34,42
1,9,10,33,34,43
1,9,10,33,34,44
1,9,10,33,34,45
1,9,10,35,36,37
1,9,10,35,36,38
1,9,10,35,36,39
1,9,10,35,36,40
1,9,10,35,36,41
1,9,10,35,36,42
1,9,10,35,36,43
1,9,10,35,36,44
1,9,10,35,36,45
1,11,12,13,14,37
1,11,12,13,14,38
1,11,12,13,14,39
1,11,12,13,14,40
1,11,12,13,14,41
1,11,12,13,14,42
1,11,12,13,21,43
1,11,12,13,21,44
1,11,12,14,22,43
1,11,12,14,22,44
1,11,12,15,16,37
1,11,12,15,16,38
1,11,12,15,16,39
1,11,12,15,16,40
1,11,12,15,16,43
1,11,12,15,16,44
1,11,12,15,21,41
1,11,12,15,21,42
1,11,12,16,22,41
1,11,12,16,22,42
1,11,12,17,18,37
1,11,12,17,18,38
1,11,12,17,18,41
1,11,12,17,18,42
1,11,12,17,18,43
1,11,12,17,18,44
1,11,12,17,21,39
1,11,12,17,21,40
1,11,12,18,22,39
1,11,12,18,22,40
1,11,12,19,20,39
1,11,12,19,20,40
1,11,12,19,20,41
1,11,12,19,20,42
1,11,12,19,20,43
1,11,12,19,20,44
1,11,12,19,21,37
1,11,12,19,21,38
1,11,12,20,22,37
1,11,12,20,22,38
1,11,12,21,22,45
1,11,12,23,24,37
1,11,12,23,24,38
1,11,12,23,24,39
1,11,12,23,24,40
1,11,12,23,24,41
1,11,12,23,24,42
1,11,12,23,24,43
1,11,12,23,24,44
1,11,12,23,24,45
1,11,12,25,26,37
1,11,12,25,26,38
1,11,12,25,26,39
1,11,12,25,26,40
1,11,12,25,26,41
1,11,12,25,26,42
1,11,12,25,26,43
1,11,12,25,26,44
1,11,12,25,26,45
1,11,12,27,28,37
1,11,12,27,28,38
1,11,12,27,28,39
1,11,12,27,28,40
1,11,12,27,28,41
1,11,12,27,28,42
1,11,12,27,28,43
1,11,12,27,28,44
1,11,12,27,28,45
1,11,12,29,30,37
1,11,12,29,30,38
1,11,12,29,30,39
1,11,12,29,30,40
1,11,12,29,30,41
1,11,12,29,30,42
1,11,12,29,30,43
1,11,12,29,30,44
1,11,12,29,30,45
1,11,12,31,32,37
1,11,12,31,32,38
1,11,12,31,32,39
1,11,12,31,32,40
1,11,12,31,32,41
1,11,12,31,32,42
1,11,12,31,32,43
1,11,12,31,32,44
1,11,12,31,32,45
1,11,12,33,34,37
1,11,12,33,34,38
1,11,12,33,34,39
1,11,12,33,34,40
1,11,12,33,34,41
1,11,12,33,34,42
1,11,12,33,34,43
1,11,12,33,34,44
1,11,12,33,34,45
1,11,12,35,36,37
1,11,12,35,36,38
1,11,12,35,36,39
1,11,12,35,36,40
1,11,12,35,36,41
1,11,12,35,36,42
1,11,12,35,36,43
1,11,12,35,36,44
1,11,12,35,36,45
1,13,14,15,16,45
1,13,14,17,18,45
1,13,14,19,20,45
1,13,14,21,22,45
1,13,14,21,29,38
1,13,14,21,29,39
1,13,14,21,29,40
1,13,14,21,29,41
1,13,14,21,29,42
1,13,14,21,29,43
1,13,14,21,29,44
1,13,14,21,30,37
1,13,14,22,29,37
1,13,14,22,30,38
1,13,14,22,30,39
1,13,14,22,30,40
1,13,14,22,30,41
1,13,14,22,30,42
1,13,14,22,30,43
1,13,14,22,30,44
1,13,14,23,24,37
1,13,14,23,24,38
1,13,14,23,24,39
1,13,14,23,24,40
1,13,14,23,24,41
1,13,14,23,24,42
1,13,14,23,24,43
1,13,14,23,24,44
1,13,14,23,24,45
1,13,14,25,26,37
1,13,14,25,26,38
1,13,14,25,26,39
1,13,14,25,26,40
1,13,14,25,26,41
1,13,14,25,26,42
1,13,14,25,26,43
1,13,14,25,26,44
1,13,14,25,26,45
1,13,14,27,28,37
1,13,14,27,28,38
1,13,14,27,28,39
1,13,14,27,28,40
1,13,14,27,28,41
1,13,14,27,28,42
1,13,14,27,28,43
1,13,14,27,28,44
1,13,14,27,28,45
1,13,14,29,30,45
1,13,14,31,32,37
1,13,14,31,32,38
1,13,14,31,32,39
1,13,14,31,32,40
1,13,14,31,32,41
1,13,14,31,32,42
1,13,14,31,32,43
1,13,14,31,32,44
1,13,14,31,32,45
1,13,14,33,34,37
1,13,14,33,34,38
1,13,14,33,34,39
1,13,14,33,34,40
1,13,14,33,34,41
1,13,14,33,34,42
1,13,14,33,34,43
1,13,14,33,34,44
1,13,14,33,34,45
1,13,14,35,36,37
1,13,14,35,36,38
1,13,14,35,36,39
1,13,14,35,36,40
1,13,14,35,36,41
1,13,14,35,36,42
1,13,14,35,36,43
1,13,14,35,36,44
1,13,14,35,36,45
1,15,16,17,18,45
1,15,16,19,20,45
1,15,16,21,22,45
1,15,16,21,30,39
1,15,16,21,30,40
1,15,16,21,30,41
1,15,16,21,30,42
1,15,16,21,30,43
1,15,16,21,30,44
1,15,16,21,31,37
1,15,16,21,31,38
1,15,16,22,29,39
1,15,16,22,29,40
1,15,16,22,29,41
1,15,16,22,29,42
1,15,16,22,29,43
1,15,16,22,29,44
1,15,16,22,32,37
1,15,16,22,32,38
1,15,16,23,24,37
1,15,16,23,24,38
1,15,16,23,24,39
1,15,16,23,24,40
1,15,16,23,24,41
1,15,16,23,24,42
1,15,16,23,24,43
1,15,16,23,24,44
1,15,16,23,24,45
1,15,16,25,26,37
1,15,16,25,26,38
1,15,16,25,26,39
1,15,16,25,26,40
1,15,16,25,26,41
1,15,16,25,26,42
1,15,16,25,26,43
1,15,16,25,26,44
1,15,16,25,26,45
1,15,16,27,28,37
1,15,16,27,28,38
1,15,16,27,28,39
1,15,16,27,28,40
1,15,16,27,28,41
1,15,16,27,28,42
1,15,16,27,28,43
1,15,16,27,28,44
1,15,16,27,28,45
1,15,16,29,30,37
1,15,16,29,30,38
1,15,16,29,30,45
1,15,16,31,32,39
1,15,16,31,32,40
1,15,16,31,32,41
1,15,16,31,32,42
1,15,16,31,32,43
1,15,16,31,32,44
1,15,16,31,32,45
1,15,16,33,34,37
1,15,16,33,34,38
1,15,16,33,34,39
1,15,16,33,34,40
1,15,16,33,34,41
1,15,16,33,34,42
1,15,16,33,34,43
1,15,16,33,34,44
1,15,16,33,34,45
1,15,16,35,36,37
1,15,16,35,36,38
1,15,16,35,36,39
1,15,16,35,36,40
1,15,16,35,36,41
1,15,16,35,36,42
1,15,16,35,36,43
1,15,16,35,36,44
1,15,16,35,36,45
1,17,18,19,20,45
1,17,18,21,22,45
1,17,18,21,31,40
1,17,18,21,31,41
1,17,18,21,31,42
1,17,18,21,31,43
1,17,18,21,31,44
1,17,18,21,32,37
1,17,18,21,32,38
1,17,18,21,32,39
1,17,18,22,31,37
1,17,18,22,31,38
1,17,18,22,31,39
1,17,18,22,32,40
1,17,18,22,32,41
1,17,18,22,32,42
1,17,18,22,32,43
1,17,18,22,32,44
1,17,18,23,24,37
1,17,18,23,24,38
1,17,18,23,24,39
1,17,18,23,24,40
1,17,18,23,24,41
1,17,18,23,24,42
1,17,18,23,24,43
1,17,18,23,24,44
1,17,18,23,24,45
1,17,18,25,26,37
1,17,18,25,26,38
1,17,18,25,26,39
1,17,18,25,26,40
1,17,18,25,26,41
1,17,18,25,26,42
1,17,18,25,26,43
1,17,18,25,26,44
1,17,18,25,26,45
1,17,18,27,28,37
1,17,18,27,28,38
1,17,18,27,28,39
1,17,18,27,28,40
1,17,18,27,28,41
1,17,18,27,28,42
1,17,18,27,28,43
1,17,18,27,28,44
1,17,18,27,28,45
1,17,18,29,30,37
1,17,18,29,30,38
1,17,18,29,30,39
1,17,18,29,30,40
1,17,18,29,30,41
1,17,18,29,30,42
1,17,18,29,30,43
1,17,18,29,30,44
1,17,18,29,30,45
1,17,18,31,32,45
1,17,18,33,34,37
1,17,18,33,34,38
1,17,18,33,34,39
1,17,18,33,34,40
1,17,18,33,34,41
1,17,18,33,34,42
1,17,18,33,34,43
1,17,18,33,34,44
1,17,18,33,34,45
1,17,18,35,36,37
1,17,18,35,36,38
1,17,18,35,36,39
1,17,18,35,36,40
1,17,18,35,36,41
1,17,18,35,36,42
1,17,18,35,36,43
1,17,18,35,36,44
1,17,18,35,36,45
1,19,20,21,22,45
1,19,20,21,32,41
1,19,20,21,32,42
1,19,20,21,32,43
1,19,20,21,32,44
1,19,20,21,33,37
1,19,20,21,33,38
1,19,20,21,33,39
1,19,20,21,33,40
1,19,20,22,31,41
1,19,20,22,31,42
1,19,20,22,31,43
1,19,20,22,31,44
1,19,20,22,34,37
1,19,20,22,34,38
1,19,20,22,34,39
1,19,20,22,34,40
1,19,20,23,24,37
1,19,20,23,24,38
1,19,20,23,24,39
1,19,20,23,24,40
1,19,20,23,24,41
1,19,20,23,24,42
1,19,20,23,24,43
1,19,20,23,24,44
1,19,20,23,24,45
1,19,20,25,26,37
1,19,20,25,26,38
1,19,20,25,26,39
1,19,20,25,26,40
1,19,20,25,26,41
1,19,20,25,26,42
1,19,20,25,26,43
1,19,20,25,26,44
1,19,20,25,26,45
1,19,20,27,28,37
1,19,20,27,28,38
1,19,20,27,28,39
1,19,20,27,28,40
1,19,20,27,28,41
1,19,20,27,28,42
1,19,20,27,28,43
1,19,20,27,28,44
1,19,20,27,28,45
1,19,20,29,30,37
1,19,20,29,30,38
1,19,20,29,30,39
1,19,20,29,30,40
1,19,20,29,30,41
1,19,20,29,30,42
1,19,20,29,30,43
1,19,20,29,30,44
1,19,20,29,30,45
1,19,20,31,32,37
1,19,20,31,32,38
1,19,20,31,32,39
1,19,20,31,32,40
1,19,20,31,32,45
1,19,20,33,34,41
1,19,20,33,34,42
1,19,20,33,34,43
1,19,20,33,34,44
1,19,20,33,34,45
1,19,20,35,36,37
1,19,20,35,36,38
1,19,20,35,36,39
1,19,20,35,36,40
1,19,20,35,36,41
1,19,20,35,36,42
1,19,20,35,36,43
1,19,20,35,36,44
1,19,20,35,36,45
1,21,22,23,24,45
1,21,22,25,26,45
1,21,22,27,28,45
1,21,22,33,34,43
1,21,22,33,34,44
1,21,22,35,36,37
1,21,22,35,36,38
1,21,22,35,36,39
1,21,22,35,36,40
1,21,22,35,36,41
1,21,22,35,36,42
1,21,23,34,37,38
1,21,23,34,39,40
1,22,23,33,37,38
1,22,23,33,39,40
1,23,24,25,26,45
1,23,24,27,28,45
1,23,24,29,30,37
1,23,24,29,30,38
1,23,24,29,30,41
1,23,24,29,30,42
1,23,24,29,30,43
1,23,24,29,30,44
1,23,24,31,32,39
1,23,24,31,32,40
1,23,24,31,32,41
1,23,24,31,32,42
1,23,24,31,32,43
1,23,24,31,32,44
1,23,24,33,34,41
1,23,24,33,34,42
1,23,24,35,36,37
1,23,24,35,36,38
1,23,24,35,36,39
1,23,24,35,36,40
1,23,24,35,36,43
1,23,24,35,36,44
1,24,25,29,33,39
1,24,25,30,33,40
1,24,25,31,34,37
1,24,25,32,33,38
1,24,25,34,39,40
1,24,26,33,37,43
1,24,26,34,38,44
1,25,26,27,28,45
1,25,26,29,30,37
1,25,26,29,30,38
1,25,26,29,30,43
1,25,26,29,30,44
1,25,26,29,31,40
1,25,26,30,31,39
1,25,26,31,32,41
1,25,26,31,32,42
1,25,26,31,35,38
1,25,26,32,35,37
1,25,26,32,39,40
1,25,26,33,34,41
1,25,26,33,34,42
1,25,26,33,35,44
1,25,26,34,35,43
1,25,26,35,36,41
1,25,26,35,36,42
1,25,26,36,37,38
1,25,26,36,43,44
1,25,27,31,34,44
1,25,27,32,33,43
1,26,27,29,34,39
1,26,27,30,33,40
1,26,27,31,37,43
1,26,27,32,38,44
1,26,28,33,35,39
1,26,28,34,36,40
1,27,28,29,30,37
1,27,28,29,30,38
1,27,28,29,30,41
1,27,28,29,30,42
1,27,28,29,31,40
1,27,28,30,31,39
1,27,28,31,33,38
1,27,28,32,33,37
1,27,28,32,35,40
1,27,28,32,36,39
1,27,28,33,34,41
1,27,28,33,34,42
1,27,28,33,35,44
1,27,28,34,35,43
1,27,28,34,37,38
1,27,28,35,36,41
1,27,28,35,36,42
1,27,28,36,43,44
1,28,31,32,43,44
1,29,30,31,32,45
1,29,30,33,34,45
1,29,30,35,36,45
1,31,32,33,34,45
1,31,32,35,36,45
1,33,34,35,36,45
1,37,38,39,40,45
1,37,38,41,42,45
1,37,38,43,44,45
1,39,40,41,42,45
1,39,40,43,44,45
1,41,42,43,44,45
21,22,33,34,41,42
21,22,35,36,43,44
23,24,35,36,41,42
23,28,29,30,39,40
23,28,31,32,37,38
23,28,33,34,43,44
25,26,29,30,41,42
25,27,35,36,39,40
27,28,29,30,43,44
27,28,31,32,41,42
27,28,35,36,37,38
